insert into atl_order_details values(1,1001,'51',2);
insert into atl_order_details values(2,1002,'60',2);
insert into atl_order_details values(3,1003,'70',2);





insert into atl_cust_prod values('Jasdevcool',101,1001,2);
insert into atl_cust_prod values('Jasdev1cool',102,1002,2);
insert into atl_cust_prod values('Jasdev2cool',103,1003,2) ; 



insert into atl_ven_prod values(101,101)
insert into atl_ven_prod values(102,102)
insert into atl_ven_prod values(103,103) 




insert into atl_payment_address values(30324,'Atlanta','Georgia');
insert into atl_payment_address values(30325,'Atlanta','Georgia');
insert into atl_payment_address values(30326,'Atlanta','Georgia');




insert into atl_payment values(99,1,1234567,'Jasdev','singh',30324)
insert into atl_payment values(98,2,12345678,'Jasdev1','singhS',30325)
insert into atl_payment values(97,3,12345679,'Jasdev2','singhSS',30326)
insert into atl_payment values(96,4,12345670,'Jasdev3','singhSSS',30327);



INSERT INTO ATL_Vendor VALUES(1,101,'RUHANI','W@GMAIL','RUHANI');
INSERT INTO ATL_Vendor VALUES(2,102,'jasdeV','J@GMAIL','jasdev');
INSERT INTO ATL_Vendor VALUES(3,103,'LASUU','L@GMAIL','LASS'); 


insert into Atl_cart values(1001,'Jasdevcool',101,2) 
insert into Atl_cart values(1002,'Jasdev1cool',102,2);
insert into Atl_cart values(1003,'Jasdev2cool',103,2)   


insert into ATL_CUST_ADD values(30324,'Atlanta GA');
insert into ATL_CUST_ADD values(30325,'Atlanta GA');
insert into ATL_CUST_ADD values(30326,'Atlanta GA'); 


insert into ATL_CUSTOMER values('Jasdevcool','jas@gmail','JasdevSingh','2399Park',30324,'jassu1'); 
insert into ATL_CUSTOMER values('Jasdev1cool','jas1@gmail','Jasdev','2340Park',30325,'jassu2'); 
insert into ATL_CUSTOMER values('Jasdev2cool','jas2@gmail','JasdevSachdeva','2341Park',30326,'jassu3'); 




insert into atl_project values(
101,'Canidae Grain Free Pure Fields',20,'CANIDAE  Grain Free PURE Elements Dog Dry Formula with Fresh Lamb uses simple recipes for sensitive dogs. This limited ingredient recipe is made with 10 key ingredients that are easily recognizable, plus all the vitamins and minerals your dog needs.',
'available','By Canidae','20 x 20',51,'Buy1 get1','none','4'
);
insert into atl_project values(
102,'Royal Dog Food',20,'Royal DOG FOOD is a global leader in pet health nutrition. From a 2 lb. Chihuahua to a 200 lb. Mastiff, different-sized dogs have very different physiological needs, which can make finding the right nutrition complicated. That’s why Royal Canin addresses each size, lifestyle and breed with diets tailor-made for their unique characteristics.',
'available','By Royal Food','20 x 20',51,'No offer','none','5'
); 
insert into atl_project values(
103,'Pedigree',20,'Dry recipes provide professional nutrition to address the Four Universal Needs of Dogs.',
'available','By Pedigree','20 x 20',70,'Buy get 1','none','1'
); 
insert into atl_project values(
104,'IAMS',20,'According to the AKC, puppies 6 months and younger should eat three to four times a day.  Good nutrition is important for dogs. It keeps them healthy and happy',
'available','By Iams','20 x 20',31,'Buy get 1','none','8'
); 
insert into atl_project values(
105,'Small Dog',20,'According to the AKC, puppies 6 months and younger should eat three to four times a day.  Good nutrition is important for dogs. It keeps them healthy and happy','Available','By Small Dog','20 x 20',91,'50% Off','none','3'
); 
INSERT INTO atl_Order VALUES(1,1001,'08-JULY-2017',2)
INSERT INTO atl_Order VALUES(2,1002,'04-JULY-2017',20)
INSERT INTO atl_Order VALUES(3,1003,'21-APRIL-2017',12)

INSERT INTO Atl_card VALUES(1234567,121,'23-07-2017');
INSERT INTO Atl_card VALUES(5555555,543,'02-05-2017');
INSERT INTO Atl_card VALUES(3132312,071,'09-04-2017');


INSERT INTO ATL_CUST_PHONE VALUES('Jasdevcool',123456);
INSERT INTO ATL_CUST_PHONE VALUES('Jasdevcool',333111);
INSERT INTO ATL_CUST_PHONE VALUES('Jasdev1cool',4444211);
